{"loss": [497.8502197265625, 148.7262725830078, 106.42866516113281, 95.69799041748047, 89.46736907958984, 86.19627380371094, 83.09627532958984, 80.19060516357422, 77.90293884277344, 75.75252532958984, 73.61212921142578, 71.24658966064453, 69.80123901367188, 68.47830963134766], "binary_accuracy": [0.9965670108795166, 0.9988669157028198, 0.9989101886749268, 0.9989214539527893, 0.9989277124404907, 0.9989320039749146, 0.9989343285560608, 0.998936116695404, 0.9989368319511414, 0.9989383816719055, 0.9989390969276428, 0.998938798904419, 0.9989399909973145, 0.9989404082298279], "ROC_AUC": [0.738552987575531, 0.8930383324623108, 0.9326494336128235, 0.9444956183433533, 0.9519177675247192, 0.9545074701309204, 0.9580130577087402, 0.9605556130409241, 0.9622094631195068, 0.9641535878181458, 0.9661136269569397, 0.968356728553772, 0.9691855907440186, 0.9700552821159363], "PR_AUC": [0.002728666877374053, 0.012386316433548927, 0.026362190023064613, 0.03077739290893078, 0.03335234150290489, 0.03509705513715744, 0.037199459969997406, 0.03950624540448189, 0.041251786053180695, 0.04296181723475456, 0.04480181261897087, 0.04696711152791977, 0.04818931967020035, 0.049229104071855545], "val_loss": [96.87185668945312, 64.5128173828125, 64.60427856445312, 56.60346221923828, 56.324710845947266, 54.345916748046875, 58.927223205566406, 52.53816223144531, 53.11382293701172, 55.03093338012695, 51.311710357666016, 52.275672912597656, 51.322776794433594, 50.80949020385742], "val_binary_accuracy": [0.9989269375801086, 0.9989269375801086, 0.9989269375801086, 0.9989269375801086, 0.9989269375801086, 0.9989269375801086, 0.9989269375801086, 0.9989269375801086, 0.9989269375801086, 0.9989269375801086, 0.9989269375801086, 0.9989269375801086, 0.9989269375801086, 0.9989269375801086], "val_ROC_AUC": [0.9177463054656982, 0.9713111519813538, 0.9587045311927795, 0.9755880236625671, 0.9728383421897888, 0.9763259291648865, 0.9663788676261902, 0.9794083833694458, 0.9774728417396545, 0.972633957862854, 0.9809065461158752, 0.9785776734352112, 0.9798163771629333, 0.9839556813240051], "val_PR_AUC": [0.03731377422809601, 0.18915724754333496, 0.23442208766937256, 0.2411525547504425, 0.25126945972442627, 0.2586841583251953, 0.26578670740127563, 0.2680889368057251, 0.27284789085388184, 0.26953548192977905, 0.2582169473171234, 0.2365274280309677, 0.24056796729564667, 0.2109220176935196]}