{"loss": [18112.109375, 2816.276611328125, 971.3867797851562, 567.06103515625, 416.5281982421875, 343.3606872558594, 302.4503173828125], "binary_accuracy": [0.968689501285553, 0.9989421963691711, 0.9989414215087891, 0.9989420175552368, 0.9989476203918457, 0.9989532828330994, 0.9989588260650635], "ROC_AUC": [0.5166606903076172, 0.7367545962333679, 0.8978325724601746, 0.9319166541099548, 0.9557384252548218, 0.9459206461906433, 0.9404152631759644], "PR_AUC": [0.00108666205778718, 0.02715585008263588, 0.09477131813764572, 0.13370609283447266, 0.15851376950740814, 0.17823204398155212, 0.1922779679298401], "val_loss": [2239.278564453125, 62737.84375, 870.1978759765625, 169057.03125, 1522.563720703125, 619.9111938476562, 4918.09423828125], "val_binary_accuracy": [0.9988933205604553, 0.7158632278442383, 0.9986392855644226, 0.5903568267822266, 0.9963491559028625, 0.9989237189292908, 0.9912059903144836], "val_ROC_AUC": [0.47878026962280273, 0.7834042310714722, 0.5343690514564514, 0.4376086890697479, 0.4481026828289032, 0.398898184299469, 0.4967026114463806], "val_PR_AUC": [0.0010589712765067816, 0.0030932356603443623, 0.0013456384185701609, 0.0009121557231992483, 0.0008866666466929018, 0.0008019667002372444, 0.001044218661263585]}