{"loss": [18143.291015625, 2864.037841796875, 978.2332153320312, 566.1941528320312, 412.9894714355469, 338.82373046875, 296.6602783203125, 270.3059387207031, 252.96914672851562, 239.89820861816406, 232.71112060546875, 226.91627502441406, 218.88621520996094, 216.01400756835938, 210.80209350585938, 207.0091552734375, 205.14805603027344, 201.88031005859375, 200.8051300048828, 196.6758270263672, 194.802490234375, 192.41458129882812, 189.69805908203125, 188.0738983154297, 186.55384826660156, 183.7090606689453, 182.88246154785156, 178.88230895996094], "binary_accuracy": [0.9712991118431091, 0.9989400506019592, 0.9989462494850159, 0.9989568591117859, 0.9989627599716187, 0.9989646077156067, 0.9989712238311768, 0.9989731907844543, 0.9989739656448364, 0.9989767074584961, 0.9989722967147827, 0.9989747405052185, 0.998980700969696, 0.9989809393882751, 0.9989837408065796, 0.9989853501319885, 0.9989836812019348, 0.9989902973175049, 0.9989846348762512, 0.9989892840385437, 0.9989901781082153, 0.9989927411079407, 0.9989957809448242, 0.9989957809448242, 0.9989957809448242, 0.9989992380142212, 0.9989966154098511, 0.9990062713623047], "ROC_AUC": [0.5600059032440186, 0.7887033820152283, 0.9081906080245972, 0.9374470710754395, 0.9598590135574341, 0.9533981084823608, 0.9481532573699951, 0.9444122910499573, 0.9444302916526794, 0.9438767433166504, 0.9428021907806396, 0.9411282539367676, 0.9443687796592712, 0.9432013034820557, 0.9451628923416138, 0.9465372562408447, 0.946365475654602, 0.947170615196228, 0.9486720561981201, 0.9500092267990112, 0.9510312676429749, 0.9521694183349609, 0.9536778330802917, 0.9549233913421631, 0.9555941820144653, 0.9580919742584229, 0.9585397243499756, 0.9610118865966797], "PR_AUC": [0.0013602208346128464, 0.075161874294281, 0.15873977541923523, 0.18652856349945068, 0.20206588506698608, 0.21321123838424683, 0.2243097722530365, 0.2324734479188919, 0.23642253875732422, 0.24518702924251556, 0.24089039862155914, 0.242975652217865, 0.25724902749061584, 0.2558015286922455, 0.263529509305954, 0.2697070240974426, 0.2683839499950409, 0.2776705324649811, 0.272943377494812, 0.284891813993454, 0.28912776708602905, 0.2935742139816284, 0.30063289403915405, 0.30348512530326843, 0.30572056770324707, 0.31350651383399963, 0.3130190968513489, 0.329270601272583], "val_loss": [5412.42626953125, 1364.517822265625, 773.3033447265625, 505.6239929199219, 371.7232971191406, 412.1603088378906, 311.4490966796875, 266.973388671875, 242.00942993164062, 297.89031982421875, 238.11900329589844, 232.17391967773438, 220.53546142578125, 217.57431030273438, 225.0316162109375, 215.72996520996094, 217.99896240234375, 212.15098571777344, 210.0803985595703, 204.85389709472656, 203.8999786376953, 202.10189819335938, 205.4915313720703, 202.3411102294922, 217.5611572265625, 201.4827117919922, 210.3780517578125, 207.76699829101562], "val_binary_accuracy": [0.9989268779754639, 0.9989268779754639, 0.9989268779754639, 0.9989281296730042, 0.9989576935768127, 0.9989559054374695, 0.9989484548568726, 0.9989731907844543, 0.9989755153656006, 0.9989240169525146, 0.9989112615585327, 0.9989694952964783, 0.9989768862724304, 0.9989717602729797, 0.9989673495292664, 0.9989781379699707, 0.998979389667511, 0.9989302158355713, 0.9989803433418274, 0.9989831447601318, 0.998989462852478, 0.9989907145500183, 0.9989650249481201, 0.9989857077598572, 0.9989071488380432, 0.9989818334579468, 0.998956561088562, 0.9989678859710693], "val_ROC_AUC": [0.5577455163002014, 0.501042902469635, 0.8951968550682068, 0.8251737952232361, 0.9594452977180481, 0.9749977588653564, 0.9660631418228149, 0.9586862921714783, 0.9466272592544556, 0.9741768836975098, 0.9344072341918945, 0.895751953125, 0.9239440560340881, 0.9580263495445251, 0.9116854071617126, 0.9101906418800354, 0.9565779566764832, 0.9339401721954346, 0.9540914297103882, 0.9482944011688232, 0.9339073896408081, 0.9332247376441956, 0.9516637921333313, 0.9346190094947815, 0.9502778649330139, 0.9390872120857239, 0.924604058265686, 0.9243419170379639], "val_PR_AUC": [0.0012844738084822893, 0.0010831033578142524, 0.0370289646089077, 0.12868937849998474, 0.21835988759994507, 0.2393752783536911, 0.2427981197834015, 0.2612268030643463, 0.27030691504478455, 0.2608790695667267, 0.22071026265621185, 0.26871347427368164, 0.2707659602165222, 0.27386701107025146, 0.2529246211051941, 0.28030717372894287, 0.27130138874053955, 0.2771497368812561, 0.2926889657974243, 0.2949020564556122, 0.29234713315963745, 0.2940339148044586, 0.2985552251338959, 0.2919161915779114, 0.28486934304237366, 0.2980782687664032, 0.28621047735214233, 0.28620266914367676]}